行号,总 Token 数
1,3934
2,3749
3,1969
4,1083
5,954
6,1401
7,367
8,3071
9,506
10,4754
11,3492
12,1867
13,662
14,727
15,5636
16,4013
17,4077
18,4272
19,3665
20,3521
21,852
22,435
23,363
24,5661
25,3902
26,3022
27,2810
28,3105
29,588
30,3791
31,4091
32,1710
33,479
34,2388
35,645
36,6104
37,3524
38,2975
39,3262
40,3059
41,3275
42,544
43,311
44,5046
45,5122
46,5543
47,4853
48,4865
49,4793
50,4644
51,1884
52,541
53,4501
54,2841
55,2968
56,2820
57,2917
58,618
59,497
60,2965
61,2119
62,966
63,685
64,39502
65,3851
66,3225
67,5924
68,4015
69,3866
70,3727
71,751
72,11280
73,4259
74,3925
75,4533
76,3631
77,4734
78,3405
79,3209
80,3283
81,3359
82,3463
83,3769
84,3479
85,3409
86,3377
87,3296
88,3563
89,3317
90,3509
91,3789
92,3546
93,3567
94,3582
95,3872
96,3559
97,3412
98,3449
99,3223
100,3711
101,2991
102,499
103,5987
104,1281
105,958
106,961
107,22145
108,7140
109,3035
110,3047
111,2554
112,5144
113,5036
114,5193
115,5251
116,2140
117,1175
118,3016
119,2137
120,4897
121,5154
122,2727
123,610
124,6873
125,4482
126,3825
127,4037
128,3804
129,3747
130,3920
131,3834
132,4013
133,3790
134,4186
135,3581
136,2908
137,4535
138,4120
139,4045
140,3730
141,3793
142,3865
143,1161
144,82183
145,4360
146,4852
147,4819
148,5075
149,4810
150,4795
151,5026
152,5009
153,4809
154,4902
155,5050
156,5023
157,4943
158,5253
159,4801
160,5019
161,4900
162,5026
163,4739
164,4931
165,4805
166,5006
167,4637
168,5281
169,4925
170,5173
171,655
172,4564
173,5023
174,4827
175,4777
176,4914
177,4885
178,5140
179,5067
180,5214
181,4799
182,5028
183,5421
184,4687
185,4611
186,4683
187,4725
188,5116
189,4994
190,5047
191,5070
192,4813
193,5157
194,4644
195,26478
196,4233
197,3698
198,3463
199,3111
200,3231
201,3121
202,3259
203,3109
204,3099
205,9653
206,2732
207,1028
208,4860
209,4318
210,4426
211,3606
212,4183
213,3732
214,3604
215,3522
216,3404
217,17659
218,12375
219,12121
220,9505
221,5127
222,4758
223,4142
224,4776
225,4108
226,4182
227,4220
228,4228
229,4505
230,4205
231,4056
232,4617
233,4087
234,4136
235,3934
236,3948
237,3894
238,2824
239,3906
240,5011
241,4616
242,4510
243,4903
244,4585
245,4597
246,4366
247,6349
248,12777
249,9788
250,4104
251,3935
252,4109
253,3975
254,4010
255,4011
256,4162
257,3937
258,3689
259,4177
260,3930
261,3973
262,4917
263,4101
264,3981
265,4468
266,3875
267,3928
268,4407
269,4029
270,3561
271,41553
272,16519
273,10666
274,25958
275,4657
276,426
277,6819
278,4846
279,3110
280,3080
281,2817
282,2799
283,2771
284,2996
285,2802
286,8474
287,1707
288,3880
289,3921
290,3900
291,3733
292,3696
293,3649
294,3817
295,3832
296,3918
297,3592
298,2293
299,11129
300,9672
301,5290
302,4917
303,4277
304,3822
305,4093
306,3730
307,4199
308,3855
309,3812
310,3299
311,14662
312,13255
313,13494
314,13449
315,56671
316,7120
317,4100
318,4395
319,4044
320,4157
321,4580
322,4230
323,5034
324,3897
325,3972
326,3888
327,4028
328,4230
329,3955
330,3711
331,4124
332,4110
333,908
334,7986
335,5425
336,8354
337,3313
338,3564
339,3054
340,3325
341,3084
342,3005
343,3064
344,3399
345,475
346,1472
347,115324
348,10398
349,1375
350,4481
351,3663
352,3911
353,4048
354,4005
355,3673
356,4058
357,3681
358,4117
359,4005
360,3403
361,3255
362,3278
363,3361
364,1331
365,667
366,5358
367,5198
368,13088
369,24628
370,10406
371,5937
372,3863
373,3991
374,4180
375,4440
376,4363
377,4227
378,4338
379,4116
380,4876
381,3940
382,4187
383,3926
384,4261
385,3924
386,4310
387,4087
388,3912
389,4379
390,4201
391,4009
392,4050
393,3861
394,4159
395,3847
396,3794
397,3762
398,4231
399,4145
400,4128
401,4177
402,4125
403,3590
404,1738
405,67361
406,3967
407,4056
408,3659
409,3716
410,3837
411,3813
412,3900
413,3906
414,3333
415,3923
416,3642
417,546
418,496
419,3624
420,3716
421,582
422,1432
423,1054
424,724
425,714
426,5813
427,7798
428,11315
429,4921
430,48076
431,32899
432,6973
433,3734
434,4178
435,4664
436,2002
437,674
438,4197
439,3929
440,2631
441,384
442,3093
443,3249
444,3067
445,2821
446,3212
447,2943
448,3079
449,2919
450,3013
451,2901
452,2835
453,2927
454,3279
455,3755
456,3101
457,2983
458,2965
459,2980
460,2916
461,2806
462,3044
463,2916
464,2782
465,3278
466,2908
467,2994
468,3474
469,1062
470,350
471,10517
472,5313
473,6906
474,4015
475,4673
476,8078
477,4797
478,3865
479,3836
480,4664
481,3592
482,3930
483,3780
484,3663
485,3581
486,3684
487,3927
488,3798
489,3832
490,3851
491,4768
492,4643
493,3997
494,3822
495,5115
496,4048
497,4134
498,3723
499,3928
500,1938
501,6970
502,1966
503,6193
504,3609
505,3862
506,2083
507,15696
508,3837
509,3739
510,621
511,7023
512,4888
513,3917
514,3802
515,3220
516,3817
517,3826
518,3864
519,3388
520,1767
521,4492
522,7193
523,7691
524,3717
525,3930
526,17404
527,35910
528,10649
529,3784
530,3990
531,3702
532,3613
533,1875
534,17030
535,5001
536,4579
537,1556
538,4718
539,4639
540,4923
541,4785
542,4748
543,4757
544,5206
545,4694
546,4762
547,4709
548,1142
549,5733
550,4611
551,4468
552,4600
553,4619
554,4507
555,5137
556,4787
557,4634
558,4668
559,5151
560,4199
561,11745
562,12567
563,10201
564,18356
565,23168
566,13665
567,10340
568,8982
569,12343
570,4141
571,4187
572,3774
573,3888
574,3894
575,4012
576,4519
577,4438
578,4175
579,3895
580,3872
581,3869
582,4116
583,4242
584,4051
585,3916
586,4316
587,4085
588,3696
589,4547
590,4063
591,4358
592,4241
593,4611
594,4499
595,3797
596,3887
597,3558
598,3799
599,3683
600,3247
601,3527
602,970
603,485
604,3166
605,3379
606,776
607,3648
608,3849
609,3845
610,3648
611,3495
612,3711
613,2992
614,6232
615,5081
616,5072
617,5023
618,5309
619,5210
620,5315
621,5129
622,5081
623,5277
624,6166
625,4688
626,5228
627,5200
628,1224
629,185579
630,5491
631,1969
632,346
633,5087
634,676
635,4297
636,4602
637,2430
638,6223
639,3671
640,3576
641,2026
642,53033
643,1339
644,8505
645,3919
646,12009
647,11767
648,4952
649,42716
650,41547
651,337
652,6382
653,3499
654,3006
655,3132
656,2951
657,3142
658,3297
659,3300
660,3058
661,3224
662,3255
663,2908
664,1579
665,8039
666,4801
667,3703
668,4195
669,4985
670,5188
671,4644
672,5000
673,5059
674,5158
675,4987
676,5123
677,5154
678,5281
679,5269
680,5115
681,5064
682,5309
683,5170
684,5118
685,5134
686,4872
687,5157
688,5196
689,5098
690,5210
691,5160
692,5124
693,5151
694,5054
695,5072
696,5309
697,4910
698,5190
699,5339
700,5078
701,5174
702,5273
703,5724
704,5146
705,5093
706,5052
707,5244
708,5158
709,5372
710,4902
711,5113
712,5001
713,4708
714,5377
715,5168
716,5074
717,5104
718,4864
719,5254
720,5241
721,5262
722,5237
723,5327
724,5146
725,5030
726,5350
727,5206
728,5178
729,4845
730,5154
731,5377
732,5197
733,4977
734,5678
735,4900
736,5221
737,5230
738,5074
739,4336
740,848
741,14192
742,15381
743,26216
744,4641
745,3990
746,3631
747,3944
748,3617
749,3893
750,3997
751,4663
752,3603
753,5091
754,3729
755,3732
756,3659
757,4004
758,3657
759,4075
760,3605
761,4269
762,4728
763,3635
764,3430
765,3832
766,5133
767,4099
768,779
769,6441
770,3975
771,3723
772,3408
773,3694
774,2178
775,5093
776,3985
777,3830
778,3543
779,3673
780,3734
781,778
782,339
783,3736
784,3699
785,3601
786,3731
787,4029
788,3873
789,12907
790,3138
791,3198
792,710
793,19825
794,841401
795,4055
796,3831
797,3788
798,3776
799,1573
800,4095
801,3895
802,4162
803,3834
804,3881
805,3708
806,3774
807,3722
808,3483
809,3714
810,3689
811,3803
812,4012
813,3868
814,4176
815,3929
816,3626
817,3663
818,3970
819,3576
820,3795
821,3636
822,3749
823,3810
824,3824
825,3682
826,3708
827,3773
828,3771
829,3786
830,3727
831,3640
832,3915
833,3689
834,3462
835,3426
836,2746
837,7609
838,9423
839,10545
840,18373
841,9957
842,19205
843,11699
844,10455
845,9167
846,9169
847,9243
848,9336
849,13864
850,5211
851,3955
852,3864
853,4029
854,3860
855,4101
856,3794
857,4506
858,4240
859,4640
860,3961
861,4762
862,4643
863,3645
864,4074
865,3825
866,3685
867,3835
868,3719
869,3712
870,3876
871,4503
872,3584
873,3707
874,3845
875,3288
876,3284
877,3857
878,1597
879,4132
880,3480
881,752
882,21208
883,39009
884,38588
885,3105
886,3369
887,3598
888,5969
889,2947
890,3033
891,3098
892,3357
893,643
894,1561
895,20602
896,1906
897,5014
898,4803
899,5126
900,4824
901,5019
902,4813
903,4519
904,5068
905,4902
906,5044
907,4792
908,4680
909,4810
910,4869
911,4764
912,4890
913,4834
914,4965
915,4878
916,5028
917,4923
918,4949
919,4822
920,4845
921,1191
922,13782
923,13698
924,4908
925,653
926,1455
927,339
928,13104
929,6480
930,30159
931,43706
932,9525
933,5111
934,3683
935,4099
936,3576
937,3469
938,3419
939,3420
940,3286
941,3578
942,554
943,4714
944,4360
945,4550
946,4595
947,4644
948,5093
949,4700
950,5497
951,8046
952,4642
953,4208
954,4518
955,4713
956,4129
957,4837
958,4060
959,4691
960,3713
961,3677
962,4046
963,4190
964,4903
965,3969
966,4800
967,4025
968,3751
969,3917
970,4338
971,3676
972,3829
973,3830
974,3881
975,3628
976,3636
977,4367
978,4028
979,3775
980,3800
981,3684
982,3909
983,3878
984,3960
985,3794
986,3862
987,3387
988,1018
989,77894
990,15114
991,13181
992,13131
993,8822
994,7077
995,4607
996,4183
997,4573
998,3945
999,3953
1000,4113
1001,3917
1002,4289
1003,3756
1004,3979
1005,4042
1006,3887
1007,3854
1008,3768
1009,5625
1010,6302
1011,3878
1012,3067
1013,3201
1014,1524
1015,5164
1016,4896
1017,4934
1018,4938
1019,4983
1020,4904
1021,5027
1022,5134
1023,4888
1024,4865
1025,4983
1026,776
1027,1944
1028,505
1029,4950
1030,5051
1031,2106
1032,3742
1033,3074
1034,2183
1035,21414
1036,8965
1037,9624
1038,4131
1039,3768
1040,3817
1041,4255
1042,4456
1043,3853
1044,4198
1045,4742
1046,3790
1047,4118
1048,3847
1049,4569
1050,3875
1051,2698
1052,8161
1053,8241
1054,4508
1055,4676
1056,7881
1057,9081
1058,5587
1059,6121
1060,3950
1061,3722
1062,3741
1063,4015
1064,3802
1065,3742
1066,4110
1067,4045
1068,3779
1069,3889
1070,3592
1071,3738
1072,3977
1073,3852
1074,3726
1075,3803
1076,3871
1077,3632
1078,4030
1079,3724
1080,3668
1081,3714
1082,3793
1083,4063
1084,3700
1085,3662
1086,4506
1087,3805
1088,3596
1089,3743
1090,3703
1091,3582
1092,3208
1093,3467
1094,3312
1095,3417
1096,3538
1097,98039
1098,3740
1099,3830
1100,3982
1101,8841
1102,4833
1103,9499
1104,5874
1105,11077
1106,16426
1107,18436
1108,24061
1109,12144
1110,9486
1111,9867
1112,11884
1113,12836
1114,4160
1115,3846
1116,4183
1117,3678
1118,3848
1119,4220
1120,3809
1121,4359
1122,4350
1123,5220
1124,4073
1125,4065
1126,4076
1127,4073
1128,4333
1129,3987
1130,4477
1131,4668
1132,3755
1133,3956
1134,3804
1135,3685
1136,4123
1137,3754
1138,4158
1139,3941
1140,3936
1141,3421
1142,3202
1143,3419
1144,3377
1145,3675
1146,3374
1147,3428
1148,545
1149,5588
1150,615
1151,2223
1152,4747
1153,4626
1154,4017
1155,3588
1156,3992
1157,3723
1158,3480
1159,3363
1160,1085
1161,5833
1162,4360
1163,1344
1164,591
1165,16177
1166,3662
1167,4908
1168,12430
1169,13095
1170,18861
1171,31535
1172,2040
1173,4062
1174,4394
1175,4552
1176,4668
1177,4879
1178,2624
1179,6535
1180,2064
1181,497
1182,39702
1183,13348
1184,10423
1185,3690
1186,1198
1187,20803
1188,5092
1189,3831
1190,3580
1191,3709
1192,3805
1193,3809
1194,3917
1195,3823
1196,3731
1197,1256
1198,495
1199,362
1200,339
1201,3654
1202,3859
1203,3633
1204,3725
1205,3855
1206,3439
1207,3387
1208,3697
1209,3715
1210,4886
1211,4146
1212,3897
1213,3996
1214,3803
1215,3883
1216,3669
1217,4196
1218,3707
1219,3969
1220,3665
1221,4042
1222,4013
1223,4088
1224,3965
1225,3847
1226,3790
1227,3862
1228,4145
1229,3765
1230,4052
1231,3867
1232,3913
1233,3961
1234,4085
1235,4079
1236,4094
1237,3852
1238,4053
1239,3845
1240,4100
1241,4328
1242,3843
1243,4223
1244,4111
1245,3903
1246,3891
1247,4107
1248,3915
1249,3945
1250,3891
1251,3953
1252,4073
1253,3745
1254,4053
1255,3863
1256,3957
1257,4263
1258,4031
1259,3924
1260,3845
1261,4182
1262,4092
1263,3867
1264,3883
1265,4087
1266,3542
1267,3957
1268,4003
1269,3826
1270,3907
1271,3964
1272,3845
1273,3667
1274,4171
1275,3863
1276,4195
1277,4054
1278,4671
1279,4410
1280,4762
1281,4119
1282,3925
1283,3627
1284,3697
1285,3906
1286,3604
1287,3802
1288,3529
1289,3913
1290,3872
1291,4326
1292,3929
1293,3693
1294,3795
1295,3831
1296,3647
1297,3951
1298,3657
1299,3946
1300,3824
1301,3826
1302,3823
1303,3880
1304,3861
1305,3697
1306,3777
1307,3841
1308,3898
1309,3692
1310,3801
1311,3843
1312,4121
1313,3749
1314,3948
1315,3600
1316,3505
1317,3623
1318,3673
1319,3682
1320,3561
1321,3625
1322,4162
1323,3788
1324,3663
1325,3728
1326,3622
1327,3601
1328,3550
1329,3647
1330,3781
1331,3631
1332,3994
1333,3738
1334,3915
1335,3671
1336,3635
1337,3650
1338,3624
1339,3615
1340,3543
1341,3429
1342,3427
1343,3601
1344,3430
1345,3697
1346,3620
1347,3426
1348,572
1349,6031
1350,3883
1351,898
1352,4385
1353,3898
1354,3468
1355,3379
1356,3928
1357,3756
1358,3389
1359,3387
1360,2644
1361,627
1362,16002
1363,10834
1364,4279
1365,4040
1366,4798
1367,4132
1368,1915
1369,932
1370,15186
1371,4014
1372,43178
1373,14114
1374,6889
1375,5298
1376,4590
1377,4236
1378,14523
1379,20273
1380,3791
1381,3765
1382,3665
1383,3655
1384,3724
1385,3036
1386,1888
1387,9416
1388,3432
1389,1677
1390,1826
1391,28021
1392,2801439
1393,10251
1394,3807
1395,3652
1396,3850
1397,4114
1398,3833
1399,3714
1400,3893
1401,3925
1402,4117
1403,3538
1404,3841
1405,3942
1406,3789
1407,3862
1408,3549
1409,3663
1410,3623
1411,3706
1412,3695
1413,3806
1414,4079
1415,3667
1416,3810
1417,3580
1418,3803
1419,3658
1420,3934
1421,3770
1422,4652
1423,3661
1424,3999
1425,3926
1426,3794
1427,2754
1428,6244
1429,4053
1430,3916
1431,4367
1432,3935
1433,3539
1434,3615
1435,3655
1436,3442
1437,3582
1438,3847
1439,3663
1440,3740
1441,1158
1442,378
1443,10597
1444,3304
1445,2869
1446,2077
1447,218329
1448,13467
1449,2850
1450,10198
1451,8967
1452,15663
1453,160776
1454,10565
1455,7979
1456,9072
1457,10413
1458,12704
1459,15263
1460,15861
1461,16706
1462,21724
1463,19630
1464,9239
1465,9084
1466,11618
1467,13792
1468,16884
1469,5068
1470,4229
1471,4013
1472,4258
1473,4740
1474,4171
1475,4011
1476,4055
1477,4035
1478,4415
1479,4682
1480,4278
1481,4626
1482,4346
1483,4186
1484,3994
1485,4109
1486,4002
1487,3709
1488,3662
1489,3892
1490,3980
1491,3884
1492,3788
1493,4194
1494,2396
1495,20476
1496,7488
1497,4097
1498,4217
1499,4189
1500,4197
1501,4092
1502,3695
1503,3621
1504,3891
1505,4327
1506,4286
1507,4002
1508,3293
1509,3324
1510,3529
1511,3264
1512,2832
1513,8911
1514,3590
1515,17427
1516,31301
1517,9097
1518,5929
1519,3503
1520,5144
1521,3590
1522,3566
1523,3501
1524,3681
1525,2968
1526,3207
1527,3176
1528,3082
1529,3007
1530,2965
1531,2949
1532,3049
1533,3101
1534,2931
1535,3360
1536,3449
1537,3001
1538,2921
1539,2903
1540,3097
1541,3024
1542,2934
1543,2947
1544,3245
1545,2981
1546,3128
1547,3211
1548,3077
1549,3107
1550,3081
1551,3097
1552,3167
1553,3125
1554,2955
1555,3084
1556,3294
1557,2984
1558,2951
1559,3417
1560,3215
1561,3079
1562,3060
1563,2936
1564,3050
1565,3085
1566,3049
1567,3035
1568,3473
1569,3137
1570,3021
1571,2965
1572,2981
1573,2963
1574,2889
1575,3074
1576,3137
1577,3043
1578,3447
1579,3096
1580,3085
1581,3219
1582,2959
1583,3212
1584,3221
1585,3162
1586,3225
1587,3009
1588,3157
1589,2995
1590,3056
1591,2919
1592,897
1593,2238
1594,377
1595,2751
1596,1085
1597,3829
1598,3750
1599,3712
1600,3591
1601,3720
1602,3246
1603,3116
1604,1233
1605,32678
1606,8203
1607,996
1608,33649
1609,23002
1610,11256
1611,3794
1612,4538
1613,4031
1614,3803
1615,4746
1616,3531
1617,4240
1618,4329
1619,3806
1620,4820
1621,3468
1622,4032
1623,4144
1624,4076
1625,3243
1626,3621
1627,4197
1628,4200
1629,3164
1630,3133
1631,1025
1632,876
1633,5771
1634,10395
1635,9879
1636,9590
1637,4175
1638,4112
1639,3889
1640,4279
1641,4005
1642,3830
1643,3998
1644,4412
1645,4046
1646,3769
1647,4153
1648,3655
1649,3969
1650,4130
1651,4050
1652,3454
1653,589
1654,11970
1655,4203
1656,6301
1657,8163
1658,30302
1659,30377
1660,3091
1661,3400
1662,4707
1663,4146
1664,4147
1665,3248
1666,3672
1667,3675
1668,3377
1669,3728
1670,3775
1671,3429
1672,3618
1673,3534
1674,3351
1675,3413
1676,2189
1677,6703
1678,3153
1679,3157
1680,751
1681,1507
1682,2767
1683,5556
1684,4260
1685,3017
1686,3337
1687,3309
1688,3347
1689,2963
1690,3243
1691,3025
1692,3271
1693,2879
1694,2761
1695,3115
1696,2925
1697,3159
1698,3574
1699,4288
1700,4404
1701,4196
1702,670
1703,36406
1704,3364
1705,4280
1706,3883
1707,1186
1708,35359
1709,13753
1710,13594
1711,14405
1712,7593
1713,4346
1714,7358
1715,4150
1716,4735
1717,4502
1718,4117
1719,3851
1720,3889
1721,4200
1722,3979
1723,4080
1724,4156
1725,3892
1726,4046
1727,4264
1728,4343
1729,3995
1730,4197
1731,4404
1732,5296
1733,4022
1734,3894
1735,3961
1736,5056
1737,3867
1738,3882
1739,1335
1740,499
1741,8953
1742,8149
1743,26553
1744,11401
1745,13674
1746,8929
1747,8745
1748,4235
1749,3942
1750,4134
1751,4009
1752,3774
1753,4034
1754,4042
1755,3899
1756,3920
1757,3896
1758,3873
1759,3663
1760,4689
1761,3783
1762,3966
1763,3949
1764,3970
1765,4085
1766,3620
1767,4005
1768,4162
1769,3754
1770,3539
1771,4206
1772,3731
1773,3562
1774,4873
1775,3667
1776,3282
1777,3971
1778,3354
1779,3628
1780,3127
1781,3131
1782,3214
1783,3310
1784,3305
1785,3243
1786,3116
1787,3254
1788,3504
1789,3099
1790,3435
1791,745
1792,4779
1793,6526
1794,6325
1795,37887
1796,11553
1797,4745
1798,5853
1799,4442
1800,4342
1801,4180
1802,3863
1803,4273
1804,4605
1805,4878
1806,4322
1807,4571
1808,3852
1809,4114
1810,3722
1811,3846
1812,4088
1813,4713
1814,3864
1815,3853
1816,4538
1817,3818
1818,3844
1819,3916
1820,4562
1821,3866
1822,4701
1823,4130
1824,4873
1825,4199
1826,3929
1827,4180
1828,3509
1829,3408
1830,3549
1831,3241
1832,3271
1833,547
1834,7615
1835,4630
1836,3778
1837,6783
1838,7343
1839,8239
1840,29811
1841,5352
1842,24485
1843,3363
1844,3059
1845,3175
1846,2516
1847,5196
1848,9209
1849,3237
1850,3065
1851,2829
1852,2987
1853,2831
1854,2831
1855,3066
1856,2851
1857,3041
1858,2785
1859,2817
1860,2847
1861,2885
1862,2763
1863,2855
1864,2911
1865,2797
1866,2821
1867,2939
1868,2993
1869,2901
1870,2861
1871,2767
1872,3153
1873,2797
1874,2873
1875,2905
1876,2897
1877,2867
1878,2819
1879,2823
1880,2973
1881,3009
1882,881
1883,33721
1884,3820
1885,76221
1886,40204
1887,8273
1888,5566
1889,4095
1890,3738
1891,3751
1892,3632
1893,3474
1894,3575
1895,3168
1896,3293
1897,3233
1898,3119
1899,3236
1900,3316
1901,3609
1902,3443
1903,3236
1904,3541
1905,3355
1906,3250
1907,3063
1908,3416
1909,3368
1910,3432
1911,3656
1912,3574
1913,3665
1914,3420
1915,3788
1916,818
1917,16343
1918,13132
1919,26260
1920,22145
1921,9590
1922,18439
1923,6204
1924,4933
1925,4475
1926,4066
1927,3755
1928,4545
1929,4147
1930,4264
1931,4190
1932,3823
1933,3746
1934,3671
1935,3903
1936,3998
1937,3775
1938,3891
1939,4088
1940,3926
1941,4231
1942,4341
1943,4761
1944,4651
1945,3736
1946,4345
1947,3907
1948,4341
1949,4123
1950,3982
1951,4291
1952,3789
1953,4186
1954,3578
1955,3327
1956,3323
1957,3407
1958,3376
1959,3356
1960,960
1961,3849
1962,2901
1963,2855
1964,2975
1965,2893
1966,2821
1967,3095
1968,2909
1969,2825
1970,2835
1971,2889
1972,2859
1973,2887
1974,3233
1975,2947
1976,3079
1977,2711
1978,3233
1979,2793
1980,3128
1981,3107
1982,2839
1983,2826
1984,3170
1985,2824
1986,2850
1987,3086
1988,2856
1989,3014
1990,2818
1991,2856
1992,2808
1993,2886
1994,2722
1995,2774
1996,2840
1997,2766
1998,2818
1999,2876
2000,2768
2001,3002
2002,2860
2003,2822
2004,2922
2005,2728
2006,3098
2007,2854
2008,2790
2009,2834
2010,2840
2011,2894
2012,2916
2013,2740
2014,2882
2015,2890
2016,2730
2017,3172
2018,2924
2019,2804
2020,2674
2021,2984
2022,3006
2023,2818
2024,2952
2025,2830
2026,2922
2027,2716
2028,3013
2029,2959
2030,2058
2031,7052
2032,4452
2033,4344
2034,13081
2035,11464
2036,15983
2037,18707
2038,25925
2039,25459
2040,4558
2041,4300
2042,4138
2043,3990
2044,4252
2045,3985
2046,3853
2047,4034
2048,3900
2049,3552
2050,3692
2051,4138
2052,4333
2053,3773
2054,3712
2055,4049
2056,3580
2057,3432
2058,4288
2059,4085
2060,3743
2061,3871
2062,3865
2063,3994
2064,3774
2065,3596
2066,3756
2067,3622
2068,3702
2069,3883
2070,3605
2071,3822
2072,3384
2073,528
2074,4464
2075,4359
2076,4876
2077,4422
2078,4412
2079,4139
2080,3908
2081,3870
2082,6051
2083,4031
2084,3919
2085,3927
2086,3827
2087,5084
2088,3763
2089,4555
2090,4246
2091,4593
2092,5354
2093,7394
2094,4327
2095,4306
2096,4164
2097,5045
2098,5810
2099,4352
2100,3721
2101,3738
2102,3824
2103,3834
2104,3854
2105,3862
2106,3727
2107,3600
2108,3604
2109,3652
2110,3877
2111,3904
2112,3728
2113,5265
2114,5042
2115,6583
2116,6311
2117,7024
2118,3905
2119,5021
2120,5180
2121,4001
2122,3979
2123,4320
2124,3738
2125,3691
2126,3860
2127,3567
2128,3530
2129,4318
2130,3899
2131,3867
2132,4247
2133,4783
2134,4633
2135,7387
2136,7983
2137,4195
2138,5790
2139,3764
2140,7854
2141,7661
2142,9160
2143,5773
2144,3771
2145,3993
2146,3906
2147,3810
2148,3533
2149,3629
2150,3689
2151,3514
2152,3813
2153,3649
2154,18935
2155,3852
2156,4161
2157,3505
2158,3642
2159,3370
2160,4176
2161,3522
2162,3491
2163,3557
2164,3752
2165,3552
2166,6386
2167,7206
2168,3107
2169,6167
2170,3957
2171,3967
2172,4962
2173,798
2174,3505
2175,3674
2176,4089
2177,3765
2178,3517
2179,3466
2180,3400
2181,3774
2182,3553
2183,3830
2184,3427
2185,3619
2186,3641
2187,3724
2188,3514
2189,3605
2190,3796
2191,3734
2192,3699
2193,4114
2194,3604
2195,3536
2196,4116
2197,3351
2198,3089
2199,3253
2200,3287
2201,3265
2202,3284
2203,3362
2204,3361
2205,3103
2206,3155
2207,3361
2208,3567
2209,3556
2210,3319
2211,3497
2212,3457
2213,3665
2214,3259
2215,3307
2216,3270
2217,3415
2218,3613
2219,3660
2220,3579
2221,3519
2222,3408
2223,3725
2224,3435
2225,3367
2226,3637
2227,3655
2228,3649
2229,3581
2230,3391
2231,3571
2232,3749
2233,3679
2234,3546
2235,3679
2236,3461
2237,3727
2238,3308
2239,3955
2240,3492
2241,3402
2242,3357
2243,4397
2244,3393
2245,3267
2246,3267
2247,3640
2248,3353
2249,3178
2250,3291
2251,3221
2252,3167
2253,3198
2254,3125
2255,3767
2256,3495
2257,3219
2258,3437
2259,3509
2260,3379
2261,3453
2262,3419
2263,3407
2264,3487
2265,3425
2266,3260
2267,3517
2268,3295
2269,3489
2270,3193
2271,3423
2272,3272
2273,3313
2274,3423
2275,3575
2276,3625
2277,3463
2278,3473
2279,3425
2280,3631
2281,3423
2282,3417
2283,3463
2284,3493
2285,3371
2286,3198
2287,3321
2288,3343
2289,3516
2290,3383
2291,3149
2292,3426
2293,3570
2294,3443
2295,3275
2296,3197
2297,3161
2298,3149
2299,3035
2300,3207
2301,3351
2302,3269
2303,3486
2304,3397
2305,3251
2306,3373
2307,3263
2308,3349
2309,3425
2310,3543
2311,3499
2312,3647
2313,3413
2314,3457
2315,3201
2316,3606
2317,3361
2318,3435
2319,3522
2320,3387
2321,3720
2322,3339
2323,3460
2324,3450
2325,3295
2326,3335
2327,3389
2328,3478
2329,3630
2330,3620
2331,3491
2332,3398
2333,3375
2334,3480
2335,3411
2336,3242
2337,3257
2338,3398
2339,3485
2340,3297
2341,3249
2342,3455
2343,3389
2344,3339
2345,4006
2346,3479
2347,3215
2348,3091
2349,3047
2350,2965
2351,3199
2352,3227
2353,3045
2354,3540
2355,4947
2356,4578
2357,8007
2358,24361
2359,6158
2360,3863
2361,3684
2362,3885
2363,3992
2364,3953
2365,3979
2366,4037
2367,4230
2368,4032
2369,4366
2370,4189
2371,3901
2372,4036
2373,3774
2374,3899
2375,4062
2376,4404
2377,4674
2378,4243
2379,4039
2380,3837
2381,3934
2382,4097
2383,4074
2384,4467
2385,3976
2386,3913
2387,4030
2388,3967
2389,3711
2390,3424
2391,3468
2392,3401
2393,3501
2394,1974
2395,222011
2396,14435
2397,8359
2398,9667
2399,7266
2400,8230
2401,4134
2402,3716
2403,3879
2404,3936
2405,4289
2406,3919
2407,4134
2408,4290
2409,4540
2410,3869
2411,4124
2412,3886
2413,3992
2414,4384
2415,3827
2416,3848
2417,3841
2418,4218
2419,4049
2420,4468
2421,3947
2422,4448
2423,3181
2424,3934
2425,4168
2426,4632
2427,5059
2428,3938
2429,3947
2430,4062
2431,3373
2432,3587
2433,3543
2434,3603
2435,3956
2436,3868
2437,3480
2438,3705
2439,3827
2440,3543
2441,3201
2442,3205
2443,4302
2444,3461
2445,3067
2446,3069
2447,3089
2448,2951
2449,3191
2450,3331
2451,3362
2452,3395
2453,3094
2454,4183
2455,3366
2456,3031
2457,3171
2458,3142
2459,3733
2460,3105
2461,3407
2462,3325
2463,3265
2464,3394
2465,3033
2466,3158
2467,3537
2468,3301
2469,3259
2470,3167
2471,3666
2472,3189
2473,3483
2474,3545
2475,3910
2476,3197
2477,3073
2478,3289
2479,3268
2480,3569
2481,3474
2482,3438
2483,3374
2484,3285
2485,3731
2486,3633
2487,3455
2488,3473
2489,3581
2490,3195
2491,3225
2492,3409
2493,3233
2494,3255
2495,3643
2496,3333
2497,3326
2498,4207
2499,3858
2500,3673
2501,3427
2502,4217
2503,3767
2504,3625
2505,4121
2506,3877
2507,3906
2508,3605
2509,3744
2510,3920
2511,3534
2512,4212
2513,3909
2514,3643
2515,3590
2516,4419
2517,4327
2518,4196
2519,4398
2520,4118
2521,4182
2522,3728
2523,3868
2524,4117
2525,3987
2526,4049
2527,4385
2528,5142
2529,3869
2530,4066
2531,4405
2532,4381
2533,3913
2534,3942
2535,3865
2536,4223
2537,4535
2538,4191
2539,4099
2540,4263
2541,4282
2542,4283
2543,4279
2544,4166
2545,4187
2546,4096
2547,4235
2548,4021
2549,3966
2550,3661
2551,3609
2552,4041
2553,4006
2554,4040
2555,3624
2556,4239
2557,3702
2558,3949
2559,3826
2560,3888
2561,3568
2562,3281
2563,3525
2564,3291
2565,3801
2566,3607
2567,3390
2568,3619
2569,3793
2570,945
2571,8454
2572,7134
2573,8934
2574,6094
2575,8424
2576,4500
2577,10017
2578,12861
2579,18675
2580,14152
2581,14028
2582,20522
2583,24935
2584,25112
2585,20098
2586,9402
2587,8892
2588,9847
2589,9475
2590,11867
2591,5378
2592,4505
2593,3946
2594,3889
2595,4081
2596,4622
2597,4321
2598,3942
2599,3963
2600,4127
2601,4053
2602,4135
2603,4582
2604,4080
2605,4291
2606,4178
2607,3718
2608,3826
2609,4430
2610,3914
2611,3993
2612,4186
2613,4158
2614,4091
2615,3694
2616,3369
2617,3226
2618,2633
2619,4544
2620,4456
2621,5294
2622,3028
2623,3217
2624,2883
2625,2837
2626,2882
2627,2898
2628,2889
2629,2726
2630,3464
2631,4990
2632,4527
2633,5337
2634,5019
2635,4865
2636,4337
2637,6193
2638,5016
2639,3963
2640,5080
2641,4365
2642,3233
2643,3964
2644,4139
2645,4773
2646,4649
2647,3111
2648,2882
2649,3456
2650,3496
2651,3096
2652,2816
2653,4838
2654,2942
2655,4604
2656,3332
2657,3040
2658,3050
2659,3176
2660,3394
2661,3125
2662,3051
2663,3182
2664,2793
2665,2787
2666,3033
2667,2803
2668,3011
2669,2965
2670,2951
2671,3017
2672,2853
2673,2911
2674,2899
2675,2829
2676,2897
2677,2917
2678,2943
2679,2917
2680,2833
2681,2875
2682,3017
2683,3103
2684,2925
2685,3171
2686,2991
2687,2845
2688,3009
2689,3123
2690,3277
2691,3049
2692,2841
2693,2789
2694,2835
2695,2949
2696,3058
2697,3163
2698,2817
2699,3212
2700,2867
2701,3020
2702,3343
2703,3403
2704,3481
2705,2827
2706,2843
2707,2871
2708,3079
2709,2849
2710,3329
2711,2709
2712,2939
2713,2843
2714,2903
2715,2911
2716,3363
2717,2933
2718,3219
2719,2448
2720,13845
2721,7071
2722,6898
2723,7602
2724,16090
2725,6177
2726,6471
2727,8065
2728,4331
2729,5173
2730,4031
2731,3729
2732,7820
2733,10414
2734,14019
2735,3911
2736,13854
2737,5751
2738,14751
2739,10789
2740,11473
2741,6745
2742,21640
2743,8042
2744,14575
2745,9327
2746,9585
2747,3956
2748,3876
2749,17683
2750,22394
2751,9388
2752,77573
2753,46997
2754,6728
2755,10512
2756,12193
2757,12528
2758,22475
2759,21038
2760,9379
2761,12413
2762,25062
2763,5723
2764,9603
2765,18888
2766,8127
2767,4898
2768,4161
2769,3969
2770,3744
2771,4208
2772,3853
2773,3724
2774,3626
2775,3775
2776,3723
2777,4158
2778,3969
2779,3884
2780,3839
2781,4021
2782,4264
2783,3750
2784,3711
2785,3937
2786,3866
2787,3565
2788,3642
2789,4392
2790,3904
2791,4273
2792,3573
2793,4220
2794,3535
2795,4259
2796,3658
2797,3260
2798,3355
2799,3253
2800,3091
2801,3112
2802,3090
2803,3251
2804,3305
2805,3154
2806,3143
2807,3128
2808,3256
2809,3199
2810,3137
2811,3164
2812,3226
2813,3420
2814,3598
2815,3363
2816,3168
2817,3187
2818,3171
2819,3515
2820,3230
2821,3400
2822,3476
2823,3184
2824,3227
2825,3162
2826,3212
2827,3303
2828,3424
2829,3290
2830,3155
2831,3212
2832,3406
2833,3326
2834,3152
2835,3445
2836,3476
2837,3326
2838,3303
2839,3304
2840,3150
2841,3123
2842,3452
2843,3244
2844,3230
2845,2289
2846,6333
2847,4901
2848,3618
2849,4888
2850,4895
2851,5835
2852,4242
2853,4349
2854,6661
2855,9679
2856,8015
2857,4410
2858,4485
2859,4223
2860,4275
2861,5060
2862,4223
2863,4321
2864,4270
2865,7380
2866,4188
2867,5167
2868,4765
2869,4324
2870,5564
2871,4243
2872,4881
2873,7113
2874,7163
2875,6859
2876,6264
2877,4687
2878,4447
2879,4570
2880,7520
2881,6075
2882,6436
2883,5969
2884,5892
2885,4095
2886,4115
2887,4322
2888,4027
2889,18826
2890,4339
2891,5894
2892,3973
2893,4685
2894,4501
2895,4591
2896,4139
2897,4220
2898,4821
2899,6369
2900,3678
2901,6064
2902,7750
2903,5956
2904,3949
2905,4430
2906,4377
2907,4603
2908,4212
2909,5069
2910,6643
2911,5846
2912,4897
2913,5585
2914,4169
2915,5946
2916,5181
2917,5164
2918,4516
2919,4547
2920,4490
2921,4925
2922,5146
2923,5064
2924,5406
2925,5606
2926,4867
2927,5219
2928,4673
2929,4541
2930,6134
2931,7718
2932,6133
2933,4621
2934,4168
2935,4862
2936,5543
2937,3199
2938,3912
2939,3939
2940,3955
2941,6844
2942,5575
2943,4169
2944,4643
2945,3954
2946,4412
2947,3736
2948,3718
2949,4134
2950,3762
2951,4092
2952,4154
2953,4189
2954,3490
2955,4131
2956,3664
2957,3787
2958,3644
2959,3185
2960,4638
2961,3658
2962,4831
2963,3514
2964,3797
2965,3725
2966,4005
2967,4072
2968,3688
2969,4117
2970,4288
2971,4504
2972,3922
2973,3461
2974,3663
2975,2835
2976,3415
2977,3688
2978,4495
2979,3755
2980,3462
2981,3158
2982,3799
2983,3038
2984,3823
2985,3351
2986,3096
2987,3462
2988,3147
2989,3936
2990,3631
2991,3228
2992,3034
2993,3129
2994,3537
2995,3282
2996,3455
2997,3168
2998,3079
2999,3350
3000,3428
3001,3421
3002,3700
3003,3452
3004,3014
3005,3315
3006,3249
3007,3108
3008,2976
3009,3209
3010,3182
3011,3401
3012,2996
3013,3438
3014,3244
3015,3119
3016,3858
3017,3313
3018,3825
3019,2868
3020,3368
3021,3911
3022,3130
3023,3439
3024,3244
3025,3196
3026,3677
3027,3216
3028,3212
3029,3184
3030,2984
3031,4498
3032,3686
3033,3504
3034,3262
3035,3871
3036,3102
3037,4483
3038,3459
3039,3833
3040,3224
3041,2922
3042,3235
3043,3598
3044,3452
3045,3568
3046,3392
3047,3327
3048,3430
3049,3238
3050,3410
3051,3327
3052,3296
3053,3169
3054,3328
3055,3256
3056,3134
3057,3573
3058,3522
3059,3781
3060,3700
3061,3216
3062,3174
3063,3590
3064,4261
3065,3492
3066,3491
3067,3166
3068,3190
3069,3240
3070,3270
3071,3455
3072,3062
3073,3559
3074,3909
3075,3424
3076,3310
3077,3201
3078,3027
3079,3811
3080,3334
3081,3466
3082,2961
3083,3359
3084,3293
3085,3128
3086,2974
3087,3485
3088,3366
3089,3362
3090,3098
3091,3408
3092,2862
3093,3326
3094,3663
3095,3064
3096,3555
3097,3141
3098,3140
3099,3136
3100,2946
3101,3265
3102,3591
3103,3617
3104,3561
3105,3449
3106,3071
3107,3203
3108,3906
3109,3048
3110,3205
3111,3180
3112,2940
3113,3459
3114,3296
3115,2988
3116,3541
3117,3258
3118,3304
3119,2924
3120,3235
3121,3686
3122,3121
3123,3370
3124,3419
3125,3405
3126,3336
3127,3670
3128,3257
3129,3673
3130,3111
3131,3348
3132,3197
3133,3016
3134,3862
3135,2972
3136,3266
3137,3096
3138,2998
3139,3083
3140,3740
3141,3200
3142,3292
3143,3448
3144,2958
3145,3124
3146,2981
3147,3345
3148,3096
3149,3482
3150,3063
3151,3293
3152,3268
3153,3386
3154,3179
3155,3048
3156,3064
3157,2938
3158,3467
3159,1203
3160,3855
3161,4038
3162,3844
3163,4186
3164,10931
3165,7802
3166,8064
3167,9141
3168,10687
3169,18030
3170,5259
3171,5574
3172,6016
3173,5085
3174,4262
3175,4106
3176,4254
3177,4982
3178,4114
3179,3835
3180,4253
3181,3943
3182,3783
3183,3862
3184,4176
3185,3433
3186,3957
3187,3755
3188,4449
3189,3993
3190,4056
3191,3701
3192,3744
3193,3530
3194,3655
3195,3859
3196,4298
3197,4203
3198,3438
3199,3492
3200,3966
3201,3934
3202,4676
3203,3977
3204,3724
3205,3221
3206,3366
3207,3409
3208,3146
3209,3343
3210,3297
3211,3042
3212,3596
3213,3052
3214,3186
3215,3016
3216,3472
3217,3502
3218,3137
3219,3523
3220,3093
3221,3212
3222,3262
3223,3258
3224,3212
3225,3036
3226,3236
3227,3247
3228,3120
3229,3305
3230,3170
3231,3024
3232,3122
3233,3303
3234,3148
3235,3246
3236,3461
3237,3354
3238,3390
3239,3261
3240,3523
3241,3084
3242,2984
3243,3044
3244,3273
3245,3078
3246,3331
3247,3200
3248,3390
3249,3222
3250,3180
3251,3227
3252,3136
3253,3080
3254,3458
3255,3158
3256,3042
3257,3112
3258,3261
3259,3064
3260,3425
3261,3236
3262,3309
3263,3173
3264,3637
3265,3247
3266,3136
3267,3122
3268,3138
3269,3278
3270,3124
3271,3159
3272,3086
3273,3297
3274,3053
3275,3004
3276,3227
3277,3116
3278,4016
3279,3100
3280,3360
3281,3480
3282,3306
3283,3212
3284,3307
3285,3084
3286,2990
3287,3118
3288,3124
3289,3371
3290,3034
3291,3217
3292,3400
3293,3366
3294,3154
3295,3094
3296,3226
3297,3517
3298,3787
3299,3354
3300,3288
3301,3102
3302,3444
3303,3123
3304,3315
3305,3208
3306,3186
3307,3036
3308,3558
3309,3104
3310,3110
3311,3194
3312,3272
3313,3176
3314,3304
3315,3267
3316,3180
3317,3270
3318,3132
3319,3123
3320,3146
3321,3070
3322,3220
3323,3444
3324,3406
3325,3244
3326,3104
3327,3170
3328,3293
3329,3046
3330,3188
3331,3287
3332,3104
3333,3306
3334,3097
3335,3084
3336,3022
3337,3252
3338,3064
3339,3397
3340,3246
3341,3204
3342,3208
3343,3272
3344,3217
3345,3620
3346,3664
3347,3546
3348,3708
3349,3587
3350,3422
3351,3340
3352,3380
3353,3633
3354,3282
3355,3470
3356,3907
3357,3909
3358,3368
3359,4086
3360,3747
3361,4177
3362,3453
3363,3822
3364,3366
3365,4076
3366,3832
3367,4263
3368,4176
3369,4421
3370,4126
3371,4234
3372,3928
3373,4611
3374,3991
3375,3834
3376,3852
3377,3643
3378,4004
3379,3776
3380,4154
3381,4219
3382,3710
3383,4228
3384,3862
3385,4300
3386,4414
3387,4574
3388,3994
3389,4026
3390,4220
3391,3648
3392,3958
3393,3568
3394,4173
3395,3891
3396,3472
3397,4060
3398,4223
3399,4722
3400,4102
3401,4130
3402,3798
3403,4531
3404,3815
3405,4571
3406,4278
3407,3972
3408,3804
3409,4218
3410,3875
3411,4318
3412,3635
3413,4651
3414,4535
3415,4106
3416,4412
3417,4274
3418,4388
3419,4280
3420,4112
3421,4324
3422,4153
3423,3980
3424,4160
3425,3847
3426,4036
3427,4079
3428,4349
3429,4453
3430,4026
3431,3973
3432,4256
3433,4039
3434,3843
3435,4591
3436,3932
3437,3506
3438,3222
3439,3152
3440,3111
3441,3177
3442,3104
3443,3463
3444,3168
3445,3018
3446,3218
3447,3162
3448,3384
3449,3128
3450,3038
3451,3316
3452,3242
3453,3229
3454,976
3455,3432
3456,3369
3457,2948
3458,3166
3459,2938
3460,2894
3461,3796
3462,2984
3463,3072
3464,3332
3465,3260
3466,3882
3467,3174
3468,3006
3469,2960
3470,3216
3471,3126
3472,3060
3473,3070
3474,3413
3475,3784
3476,3000
3477,3006
3478,2818
3479,2908
3480,2964
3481,3138
3482,3136
3483,3024
3484,2874
3485,3120
3486,2874
3487,3266
3488,2856
3489,2950
3490,3054
3491,3120
3492,2878
3493,2914
3494,3132
3495,2950
3496,3196
3497,3463
3498,2968
3499,2940
3500,2972
3501,2908
3502,3178
3503,2904
3504,2854
3505,2978
3506,3160
3507,2872
3508,3002
3509,3196
3510,3108
3511,2916
3512,2892
3513,2858
3514,2898
3515,2878
3516,2934
3517,2960
3518,2960
3519,2958
3520,2904
3521,2874
3522,2972
3523,3164
3524,2980
3525,3112
3526,2902
3527,2960
3528,2876
3529,3360
3530,2950
3531,2896
3532,3052
3533,2944
3534,2866
3535,2990
3536,3063
3537,2952
3538,2870
3539,3122
3540,2866
3541,2994
3542,2964
3543,2944
3544,2856
3545,3056
3546,3665
3547,2966
3548,3090
3549,2920
3550,2880
3551,2870
3552,3010
3553,3244
3554,2860
3555,2964
3556,2916
3557,2986
3558,2928
3559,2834
3560,2826
3561,3044
3562,2924
3563,2994
3564,2918
3565,2926
3566,2942
3567,3104
3568,3297
3569,2902
3570,3024
3571,3048
3572,3056
3573,2948
3574,2922
3575,2944
3576,3010
3577,2964
3578,2950
3579,2960
3580,2944
3581,2960
3582,2886
3583,3248
3584,2948
3585,3078
3586,2900
3587,2984
3588,3188
3589,2952
3590,2920
3591,2820
3592,2940
3593,2856
3594,3268
3595,3040
3596,2894
3597,3491
3598,3255
3599,3308
3600,4008
3601,3292
3602,3493
3603,3237
3604,3374
3605,3962
3606,3237
3607,2916
3608,2782
3609,2932
3610,3056
3611,3403
3612,2834
3613,3211
3614,3506
3615,3238
3616,3300
3617,4036
3618,3240
3619,3546
3620,3252
3621,3316
3622,4002
3623,3214
3624,3137
3625,3184
3626,3219
3627,3158
3628,3357
3629,2836
3630,2834
3631,2950
3632,2884
3633,2876
3634,3038
3635,2880
3636,2992
3637,3196
3638,3109
3639,2918
3640,2986
3641,2984
3642,2894
3643,3494
3644,3103
3645,3291
3646,3151
3647,3029
3648,3279
3649,3409
3650,3381
3651,2848
3652,2870
3653,3250
3654,2898
3655,2964
3656,2896
3657,2996
3658,2984
3659,3279
3660,3409
3661,3496
3662,3622
3663,3620
3664,3873
3665,2906
3666,2996
3667,2898
3668,2908
3669,2868
3670,2798
3671,3640
3672,3679
3673,3600
3674,3644
3675,3417
3676,3155
3677,4002
3678,2960
3679,3122
3680,3118
3681,3347
3682,4284
3683,3346
3684,5040
3685,3288
3686,3235
3687,3159
3688,4228
3689,4294
3690,4040
3691,5218
3692,4695
3693,3579
3694,3196
3695,3193
3696,3134
3697,3134
3698,4023
3699,3293
3700,2819
3701,3360
3702,3954
3703,3137
3704,3246
3705,3250
3706,3205
3707,3334
3708,3971
3709,3251
3710,2936
3711,3240
3712,3292
3713,3853
3714,2845
3715,2875
3716,3172
3717,3322
3718,3114
3719,2872
3720,3044
3721,3595
3722,3232
3723,2680
3724,4730
3725,2988
3726,2980
3727,2840
3728,3064
3729,2902
3730,3044
3731,2986
3732,2772
3733,2890
3734,2886
3735,2694
3736,3216
3737,4329
3738,2728
3739,2878
3740,2766
3741,2732
3742,2978
3743,2788
3744,2986
3745,3200
3746,3226
3747,3058
3748,2964
3749,3038
3750,2872
3751,4417
3752,3076
3753,2926
3754,3046
3755,2926
3756,3042
3757,3002
3758,3134
3759,3319
3760,4572
3761,4048
3762,3314
3763,3685
3764,3106
3765,2936
3766,2954
3767,7999
3768,3256
3769,3282
3770,2952
3771,3146
3772,3194
3773,3064
3774,2976
3775,3238
3776,3262
3777,3228
3778,3094
3779,3164
3780,3098
3781,2992
3782,2978
3783,3086
3784,3088
3785,2978
3786,3156
3787,3060
3788,2914
3789,3104
3790,3086
3791,3130
3792,3064
3793,3026
3794,2930
3795,3038
3796,2964
3797,2996
3798,3088
3799,3018
3800,2974
3801,2892
3802,3435
3803,3090
3804,3000
3805,2828
3806,3111
3807,2866
3808,3146
3809,3054
3810,2990
3811,2952
3812,3064
3813,3042
3814,3026
3815,2852
3816,3078
3817,3232
3818,3275
3819,3078
3820,3164
3821,2982
3822,3332
3823,3156
3824,2910
3825,3136
3826,3024
3827,3188
3828,3316
3829,2994
3830,3184
3831,3010
3832,3387
3833,3263
3834,2942
3835,3188
3836,2940
3837,3122
3838,2906
3839,2990
3840,2924
3841,3230
3842,2988
3843,3214
3844,3118
3845,2974
3846,3030
3847,3144
3848,3038
3849,2840
3850,3090
3851,3004
3852,2964
3853,3822
3854,3214
3855,3124
3856,3004
3857,2956
3858,2938
3859,3623
3860,3208
3861,3522
3862,3198
3863,2986
3864,3202
3865,2850
3866,3198
3867,3180
3868,3152
3869,3182
3870,2978
3871,3150
3872,4840
3873,3026
3874,3162
3875,3198
3876,3188
3877,3385
3878,3310
3879,3626
3880,3124
3881,11586
3882,4304
3883,3124
3884,6266
3885,14518
3886,13778
3887,15731
3888,3220
3889,11490
3890,19584
3891,11032
3892,17318
3893,4899
3894,3419
3895,3210
3896,2910
3897,3401
3898,3062
3899,3148
3900,3100
3901,3154
3902,3232
3903,3118
3904,3196
3905,3452
3906,3080
3907,3132
3908,3112
3909,3450
3910,3164
3911,3212
3912,3204
3913,3258
3914,3086
3915,3170
3916,3080
3917,3010
3918,3446
3919,3112
3920,3194
3921,2826
3922,3056
3923,3110
3924,3256
3925,3178
3926,3292
3927,3306
3928,3160
3929,3156
3930,3162
3931,3138
3932,3318
3933,3118
3934,2980
3935,3168
3936,3212
3937,3216
3938,3507
3939,3246
3940,3086
3941,3250
3942,3128
3943,3484
3944,3148
3945,3262
3946,3314
3947,3336
3948,3106
3949,3324
3950,2958
3951,3180
3952,3701
3953,3558
3954,3200
3955,3008
3956,3278
3957,3388
3958,3212
3959,3118
3960,3178
3961,3124
3962,3116
3963,3128
3964,3272
3965,3324
3966,3232
3967,3434
3968,3272
3969,3132
3970,3260
3971,3406
3972,3344
3973,3252
3974,3498
3975,3340
3976,3320
3977,3330
3978,3094
3979,3234
3980,3144
3981,3238
3982,3110
3983,3152
3984,3086
3985,3164
3986,3084
3987,2912
3988,2940
3989,3048
3990,2863
3991,3002
3992,2984
3993,2888
3994,7240
3995,29355
3996,11216
3997,208378
3998,95483
3999,18850
4000,19833
4001,14716
4002,11872
4003,10784
4004,4544
4005,4101
4006,2971
4007,4549
4008,2982
4009,3297
4010,3440
4011,3456
4012,3842
4013,3375
4014,3436
4015,3492
4016,3456
4017,3542
4018,3809
4019,3244
4020,3665
4021,3417
4022,3395
4023,3245
4024,3597
4025,3535
4026,3584
4027,2969
4028,3416
4029,3225
4030,3434
4031,4052
4032,2974
4033,2911
4034,2921
4035,2950
4036,3422
4037,3137
4038,2945
4039,3146
4040,2921
4041,2951
4042,3271
4043,3139
4044,3061
4045,2857
4046,2865
4047,3390
4048,2991
4049,3107
4050,2950
4051,2929
4052,2925
4053,2943
4054,3008
4055,2990
4056,3007
4057,3032
4058,3387
4059,3030
4060,2980
4061,3631
4062,3831
4063,3597
4064,4179
4065,3676
4066,2923
4067,2907
4068,2883
4069,2949
4070,2949
4071,3034
4072,3010
4073,2885
4074,2897
4075,2925
4076,2987
4077,3075
4078,2935
4079,3025
4080,2964
4081,3032
4082,2927
4083,2899
4084,2963
4085,2921
4086,3049
4087,3097
4088,3369
4089,2981
4090,2855
4091,2991
4092,2854
4093,2974
4094,2951
4095,2934
4096,3114
4097,3041
4098,3154
4099,3099
4100,3239
4101,3080
4102,2931
4103,3074
4104,3072
4105,3041
4106,3069
4107,3099
4108,2929
4109,2931
4110,2899
4111,2979
4112,2877
4113,2900
4114,3129
4115,3113
4116,3003
4117,3025
4118,3059
4119,3051
4120,3264
4121,3228
4122,3009
4123,4603
4124,2913
4125,2937
4126,2931
4127,2999
4128,3077
4129,3053
4130,3235
4131,2929
4132,3137
4133,3097
4134,3167
4135,3176
4136,2935
4137,3008
4138,2897
4139,3055
4140,3087
4141,3041
4142,3025
4143,3101
4144,3149
4145,2993
4146,2975
4147,3069
4148,2969
4149,2915
4150,2829
4151,2827
4152,2991
4153,3112
4154,2927
4155,2897
4156,3077
4157,3175
4158,2908
4159,3147
4160,3247
4161,3191
4162,3112
4163,2981
4164,2961
4165,3189
4166,3007
4167,2983
4168,3059
4169,2997
4170,3263
4171,3728
4172,3051
4173,3263
4174,3068
4175,3053
4176,2954
4177,3087
4178,3301
4179,3315
4180,3007
4181,3065
4182,2940
4183,3136
4184,3112
4185,3079
4186,3213
4187,2967
4188,4129
4189,3149
4190,5349
4191,3148
4192,2983
4193,3029
4194,3241
4195,2973
4196,4909
4197,3137
4198,3129
4199,3101
4200,3109
4201,3075
4202,3702
4203,3048
4204,3266
4205,3229
4206,3281
4207,3552
4208,3009
4209,3175
4210,3703
4211,2919
4212,3087
4213,3115
4214,3688
4215,3013
4216,3171
4217,3061
4218,3085
4219,3001
4220,4279
4221,3079
4222,3021
4223,2979
4224,3192
4225,3060
4226,3223
4227,3258
4228,4270
4229,3103
4230,3115
4231,3015
4232,3731
4233,3094
4234,3172
4235,2987
4236,2888
4237,3053
4238,3253
4239,4298
4240,3131
4241,4279
4242,3189
4243,2966
4244,3113
4245,3225
4246,3135
4247,3256
4248,3127
4249,3227
4250,3139
4251,3151
4252,3141
4253,2897
4254,3372
4255,3044
4256,3510
4257,3101
4258,3077
4259,2863
4260,4966
4261,3342
4262,3158
4263,4271
4264,3273
4265,3228
4266,3352
4267,3299
4268,3086
4269,3218
4270,3055
4271,3206
4272,3263
4273,3063
4274,3029
4275,3425
4276,3187
4277,3159
4278,3157
4279,3535
4280,3235
4281,5041
4282,3197
4283,3278
4284,3295
4285,3119
4286,3148
4287,3280
4288,3155
4289,3379
4290,8945
4291,5670
4292,6050
4293,21838
4294,42285
4295,31649
4296,16734
4297,45538
4298,14005
4299,10417
4300,4193
4301,4764
4302,4146
4303,3007
4304,3533
4305,5456
4306,3510
4307,3655
4308,3498
4309,3115
4310,3736
4311,2986
4312,3653
4313,4168
4314,3873
4315,3475
4316,4091
4317,3361
4318,3642
4319,3771
4320,3595
4321,4023
4322,3541
4323,3957
4324,3578
4325,3667
4326,3702
4327,3601
4328,3681
4329,5220
4330,3758
4331,3605
4332,3669
4333,3812
4334,3531
4335,3347
4336,4396
4337,3203
4338,3334
4339,3319
4340,3629
4341,3138
4342,3306
4343,3327
4344,3056
4345,3429
4346,3562
4347,3043
4348,3261
4349,3214
4350,3289
4351,3122
4352,3039
4353,3294
4354,3373
4355,3042
4356,3422
4357,3398
4358,3107
4359,3250
4360,3188
4361,3264
4362,3209
4363,3330
4364,3025
4365,3262
4366,3170
4367,3186
4368,3136
4369,3124
4370,3605
4371,3530
4372,3177
4373,3240
4374,3474
4375,3354
4376,3176
4377,3660
4378,3650
4379,3341
4380,3367
4381,3273
4382,3074
4383,3254
4384,3258
4385,3134
4386,3208
4387,3058
4388,3191
4389,3322
4390,3193
4391,3529
4392,3184
4393,3570
4394,3202
4395,3130
4396,3397
4397,3353
4398,3228
4399,3332
4400,3401
4401,3155
4402,3164
4403,3170
4404,3366
4405,3476
4406,3545
4407,3648
4408,3288
4409,3186
4410,3142
4411,3280
4412,3524
4413,3584
4414,3695
4415,3515
4416,3196
4417,3352
4418,3206
4419,3589
4420,3302
4421,3562
4422,3328
4423,3280
4424,3508
4425,3896
4426,3358
4427,3276
4428,3128
4429,3439
4430,3268
4431,3266
4432,3313
4433,3188
4434,3160
4435,3390
4436,3135
4437,3297
4438,3456
4439,3271
4440,3448
4441,3296
4442,3449
4443,3208
4444,3596
4445,3582
4446,3412
4447,3164
4448,3416
4449,3533
4450,3316
4451,3356
4452,3369
4453,3589
4454,3414
4455,3312
4456,3086
4457,3236
4458,3780
4459,3874
4460,4461
4461,3587
4462,3170
4463,3174
4464,3260
4465,3704
4466,3478
4467,3423
4468,3384
4469,3484
4470,3446
4471,3252
4472,3602
4473,3252
4474,3748
4475,3298
4476,3252
4477,3324
4478,3318
4479,3409
4480,3246
4481,3928
4482,3132
4483,3380
4484,3172
4485,3457
4486,3364
4487,3716
4488,3062
4489,3547
4490,3108
4491,3280
4492,3270
4493,3420
4494,3332
4495,3448
4496,3623
4497,3392
4498,3428
4499,3326
4500,3652
4501,3476
4502,3114
4503,3192
4504,3603
4505,3819
4506,3635
4507,3446
4508,3398
4509,3316
4510,3404
4511,3232
4512,3584
4513,3632
4514,3278
4515,3512
4516,3360
4517,3375
4518,3280
4519,3202
4520,3406
4521,3362
4522,3242
4523,3128
4524,3518
4525,3626
4526,3302
4527,3076
4528,3742
4529,3390
4530,3684
4531,3476
4532,3442
4533,3318
4534,3412
4535,3424
4536,3308
4537,3406
4538,3226
4539,3690
4540,3632
4541,3188
4542,3635
4543,3645
4544,3588
4545,3232
4546,3262
4547,3315
4548,3270
4549,3484
4550,3634
4551,3070
4552,3768
4553,3050
4554,3323
4555,3370
4556,3478
4557,3464
4558,3306
4559,3706
4560,3398
4561,3614
4562,3462
4563,3555
4564,3584
4565,3918
4566,3152
4567,3375
4568,3416
4569,3118
4570,3272
4571,3304
4572,3459
4573,3072
4574,3477
4575,3558
4576,3196
4577,3420
4578,2962
4579,3650
4580,3183
4581,3227
4582,3285
4583,3220
4584,3209
4585,3703
4586,3398
4587,3200
4588,3440
4589,3072
4590,3529
4591,3235
4592,3218
4593,3536
4594,3026
4595,3416
4596,3320
4597,3420
4598,3294
4599,3246
4600,3368
4601,3320
4602,3506
4603,3231
4604,3234
4605,3473
4606,3304
4607,3339
4608,3020
4609,3310
4610,3239
4611,3658
4612,3743
4613,3250
4614,3474
4615,3444
4616,3464
4617,4105
4618,3422
4619,3600
4620,3394
4621,3834
4622,3657
4623,3778
4624,3444
4625,3498
4626,3252
4627,3674
4628,3496
4629,3650
4630,3158
4631,3498
4632,3362
4633,3136
4634,3551
4635,3364
4636,3715
4637,3518
4638,3220
4639,3824
4640,3971
4641,3816
4642,3756
4643,3549
4644,3516
4645,3348
4646,3856
4647,3514
4648,3340
4649,3648
4650,3520
4651,3598
4652,4035
4653,3488
4654,3835
4655,3582
4656,3670
4657,3774
4658,3728
4659,3588
4660,3420
4661,3744
4662,3675
4663,3391
4664,3740
4665,3599
4666,3765
4667,3887
4668,3538
4669,3760
4670,3174
4671,4056
4672,3859
4673,3470
4674,3712
4675,3628
4676,3378
4677,3496
4678,3690
4679,3654
4680,3748
4681,3794
4682,3678
4683,3803
4684,3586
4685,3446
4686,3762
4687,3503
4688,3774
4689,3230
4690,3454
4691,3514
4692,4001
4693,3146
4694,3298
4695,3592
4696,3918
4697,3690
4698,3877
4699,3892
4700,3652
4701,3723
4702,3744
4703,3876
4704,3398
4705,3533
4706,3654
4707,3470
4708,3472
4709,3663
4710,3510
4711,3937
4712,3581
4713,3674
4714,3630
4715,4046
4716,3622
4717,3166
4718,3674
4719,3477
4720,3822
4721,3418
4722,3604
4723,4109
4724,3562
4725,3333
4726,3574
4727,3834
4728,3858
4729,4215
4730,3820
4731,3524
4732,3994
4733,3667
4734,3474
4735,3614
4736,3418
4737,3412
4738,3140
4739,3405
4740,4164
4741,3568
4742,4368
4743,3474
4744,3817
4745,3684
4746,3582
4747,3963
4748,3845
4749,3680
4750,3488
4751,3602
4752,3997
4753,3300
4754,3488
4755,3834
4756,3672
4757,3507
4758,3922
4759,3604
4760,3711
4761,3424
4762,3538
4763,3734
4764,3567
4765,3984
4766,3486
4767,3372
4768,3933
4769,3914
4770,3676
4771,3434
4772,3506
4773,3414
4774,3638
4775,3593
4776,3858
4777,3891
4778,3450
4779,3204
4780,3493
4781,3370
4782,3796
4783,3667
4784,3542
4785,3457
4786,3628
4787,3459
4788,3782
4789,3442
4790,3805
4791,3858
4792,3872
4793,3274
4794,3844
4795,3438
4796,3638
4797,3665
4798,3624
4799,3759
4800,3650
4801,3674
4802,3460
4803,3770
4804,3792
4805,3732
4806,3744
4807,3338
4808,3176
4809,3448
4810,3677
4811,3444
4812,3834
4813,4236
4814,3604
4815,3670
4816,3831
4817,3550
4818,3384
4819,3626
4820,4132
4821,3384
4822,3434
4823,3380
4824,3678
4825,3657
4826,3961
4827,3782
4828,3651
4829,3603
4830,3724
4831,3632
4832,3293
4833,3396
4834,3800
4835,4334
4836,3738
4837,3366
4838,4031
4839,3446
4840,3534
4841,3431
4842,3478
4843,3890
4844,3574
4845,3728
4846,3721
4847,3586
4848,3769
4849,4000
4850,3520
4851,3634
4852,3296
4853,3504
4854,4110
4855,3764
4856,3381
4857,3510
4858,3796
4859,3494
4860,3796
4861,3665
4862,3692
4863,3651
4864,3592
4865,3475
4866,3390
4867,3337
4868,2455
4869,4236
4870,3505
4871,3968
4872,3167
4873,3348
4874,4998
4875,4374
4876,4547
4877,4015
4878,7760
4879,3926
4880,3991
4881,5788
4882,4120
4883,3547
4884,5472
4885,6328
4886,3837
4887,3989
4888,4958
4889,8865
4890,7290
4891,5377
4892,4758
4893,7354
4894,3235
4895,3545
4896,5261
4897,4686
4898,4813
4899,4216
4900,4251
4901,8320
4902,7129
4903,5297
4904,4496
4905,3747
4906,4275
4907,4283
4908,3258
4909,4883
4910,3296
4911,3100
4912,3518
4913,3707
4914,4663
4915,3974
4916,4821
4917,4776
4918,4028
4919,3789
4920,3023
4921,3709
4922,4374
4923,3009
4924,4561
4925,3377
4926,3429
4927,3500
4928,3316
4929,3389
4930,3930
4931,3592
4932,3415
4933,3411
4934,3860
4935,3790
4936,3741
4937,3858
4938,3549
4939,3798
4940,3744
4941,3915
4942,3402
4943,3936
4944,3468
4945,3246
4946,4280
4947,2807
4948,3307
4949,3524
4950,3458
4951,3969
4952,3323
4953,3461
4954,3537
4955,2787
4956,3696
4957,2816
4958,3979
4959,3304
4960,4177
4961,3558
4962,3508
4963,3435
4964,4211
4965,3402
4966,3747
4967,3844
4968,3478
4969,3199
4970,3456
4971,3449
4972,3480
4973,3646
4974,3534
4975,3234
4976,3687
4977,3063
4978,3624
4979,3335
4980,2986
4981,4279
4982,3386
4983,3884
4984,3515
4985,3321
4986,3674
4987,3264
4988,3477
4989,3004
4990,3188
4991,2994
4992,3032
4993,3136
4994,3615
4995,3270
4996,2998
4997,3212
4998,3134
4999,3402
5000,3339
5001,3030
5002,2904
5003,2981
5004,3146
5005,3486
5006,3041
5007,3146
5008,3011
5009,3128
5010,3156
5011,3366
5012,3165
5013,3550
5014,3172
5015,3156
5016,3700
5017,3955
5018,3841
5019,3045
5020,2960
5021,3240
5022,3371
5023,3348
5024,3223
5025,3318
5026,3514
5027,3434
5028,2932
5029,3291
5030,3504
5031,3080
5032,3214
5033,2977
5034,3090
5035,3390
5036,2943
5037,3000
5038,3270
5039,3702
5040,3398
5041,3288
5042,3650
5043,3106
5044,3292
5045,3280
5046,3394
5047,3374
5048,3792
5049,3151
5050,3978
5051,3791
5052,3345
5053,2924
5054,3066
5055,3204
5056,3408
5057,3336
5058,3592
5059,3270
5060,3078
5061,2994
5062,3316
5063,3158
5064,3578
5065,3584
5066,3175
5067,3192
5068,3314
5069,3250
5070,3082
5071,3536
5072,3170
5073,3620
5074,3714
5075,3427
5076,3357
5077,3818
5078,3841
5079,3492
5080,3600
5081,4001
5082,3978
5083,3732
5084,3216
5085,3836
5086,3872
5087,3569
5088,3609
5089,3788
5090,4177
5091,3784
5092,3080
5093,3380
5094,3548
5095,3756
5096,3688
5097,3894
5098,3936
5099,3567
5100,4128
5101,4330
5102,3332
5103,3622
5104,3845
5105,3315
5106,3869
5107,3984
5108,3408
5109,3656
5110,3804
5111,3590
5112,3604
5113,4320
5114,3882
5115,3386
5116,3754
5117,3974
5118,3688
5119,3860
5120,3408
5121,3340
5122,3904
5123,3314
5124,3464
5125,3928
5126,3762
5127,3910
5128,3460
5129,3553
5130,4316
5131,3668
5132,3749
5133,3818
5134,3798
5135,3820
5136,3974
5137,3700
5138,3389
5139,3416
5140,3926
5141,3740
5142,3538
5143,3700
5144,3555
5145,3982
5146,4265
5147,3533
5148,3760
5149,3833
5150,3659
5151,3749
5152,4033
5153,3398
5154,2982
5155,3222
5156,3514
5157,3821
5158,3216
5159,3471
5160,3717
5161,3652
5162,3338
5163,3544
5164,3808
5165,3727
5166,3956
5167,3351
5168,3494
5169,3650
5170,3188
5171,3327
5172,3746
5173,3598
5174,4246
5175,3959
5176,3508
5177,3392
5178,3550
5179,3266
5180,3702
5181,3532
5182,3693
5183,3927
5184,3762
5185,4210
5186,3998
5187,4139
5188,4105
5189,3930
5190,3582
5191,3322
5192,4058
5193,3977
5194,3919
5195,3960
5196,3288
5197,3658
5198,4087
5199,3372
5200,3174
5201,3575
5202,3664
5203,3664
5204,4185
5205,3658
5206,4118
5207,3505
5208,3818
5209,3697
5210,3898
5211,3602
5212,3526
5213,3466
5214,3356
5215,3445
5216,3984
5217,3640
5218,3692
5219,3732
5220,3359
5221,3604
5222,3427
5223,3898
5224,3503
5225,3716
5226,4112
5227,3286
5228,4018
5229,4246
5230,3330
5231,3462
5232,3691
5233,3820
5234,3892
5235,3812
5236,3814
5237,3914
5238,3493
5239,3474
5240,3600
5241,4048
5242,3948
5243,3384
5244,3308
5245,4220
5246,3075
5247,3396
5248,3904
5249,3522
5250,4006
5251,3870
5252,3534
5253,3997
5254,3816
5255,3546
5256,3773
5257,3916
5258,3589
5259,3469
5260,3442
5261,3846
5262,3246
5263,3441
5264,3920
5265,3624
5266,3934
5267,3920
5268,3738
5269,3857
5270,3948
5271,3658
5272,3790
5273,3532
5274,3613
5275,4126
5276,3994
5277,3584
5278,4049
5279,3384
5280,3846
5281,3866
5282,3302
5283,3499
5284,3452
5285,3868
5286,3880
5287,3462
5288,3446
5289,4048
5290,4097
5291,3472
5292,3446
5293,3976
5294,3971
5295,3278
5296,3722
5297,3381
5298,3453
5299,3736
5300,3925
5301,3622
5302,3898
5303,3596
5304,3766
5305,3386
5306,3310
5307,3710
5308,3636
5309,3226
5310,3478
5311,3442
5312,3383
5313,3633
5314,3624
5315,3644
5316,3050
5317,3252
5318,3641
5319,3506
5320,3500
5321,4019
5322,3658
5323,4026
5324,3745
5325,3483
5326,4466
5327,4019
5328,3370
5329,3252
5330,3154
5331,3991
5332,3760
5333,4024
5334,3457
5335,3510
5336,3713
5337,3422
5338,3569
5339,3725
5340,3579
5341,3485
5342,3930
5343,3660
5344,3581
5345,3636
5346,3825
5347,3609
5348,3622
5349,3801
5350,3579
5351,3760
5352,3933
5353,3719
5354,3704
5355,3626
5356,3824
5357,3970
5358,3441
5359,3442
5360,4228
5361,4237
5362,3654
5363,3650
5364,3506
5365,3797
5366,3128
5367,3692
5368,3428
5369,3840
5370,4045
5371,3376
5372,3934
5373,3436
5374,3258
5375,3685
5376,4337
5377,3818
5378,3420
5379,3814
5380,2930
5381,3506
5382,3572
5383,3608
5384,3636
5385,3563
5386,3349
5387,3598
5388,3878
5389,3596
5390,3158
5391,3284
5392,3980
5393,3530
5394,3428
5395,3764
5396,3585
5397,3627
5398,3268
5399,3478
5400,3522
5401,3656
5402,3317
5403,3428
5404,3452
5405,3322
5406,3844
5407,3861
5408,3466
5409,3580
5410,3452
5411,3294
5412,3767
5413,3435
5414,3733
5415,3742
5416,3512
5417,3892
5418,3456
5419,3583
5420,3481
5421,3662
5422,4138
5423,3871
5424,3500
5425,3974
5426,3948
5427,3511
5428,3629
5429,3320
5430,3998
5431,3648
5432,3582
5433,3463
5434,3788
5435,3472
5436,3650
5437,3482
5438,3844
5439,3614
5440,3602
5441,3720
5442,3504
5443,3558
5444,3190
5445,3400
5446,3891
5447,3366
5448,3646
5449,3670
5450,3592
5451,3370
5452,3561
5453,3545
5454,3808
5455,3450
5456,3990
5457,3006
5458,3673
5459,2980
5460,3726
5461,3988
5462,3382
5463,3500
5464,3808
5465,3744
5466,4071
5467,3166
5468,3734
5469,3647
5470,3584
5471,3928
5472,4228
5473,3658
5474,3547
5475,3532
5476,3482
5477,3530
5478,3736
5479,3126
5480,3478
5481,3556
5482,3422
5483,3536
5484,3450
5485,3314
5486,3389
5487,3736
5488,3322
5489,3026
5490,3682
5491,3595
5492,3496
5493,3959
5494,3754
5495,3388
5496,3580
5497,3683
5498,3536
5499,3273
5500,3566
5501,3673
5502,3742
5503,3806
5504,3710
5505,3682
5506,3878
5507,3474
5508,3596
5509,3712
5510,4070
5511,3836
5512,3224
5513,3754
5514,3522
5515,3436
5516,3684
5517,3126
5518,3656
5519,4002
5520,3552
5521,3766
5522,3969
5523,3548
5524,3730
5525,4011
5526,3458
5527,3172
5528,3702
5529,3647
5530,3572
5531,3788
5532,3963
5533,4144
5534,3728
5535,3556
5536,3786
5537,3762
5538,3668
5539,3748
5540,3756
5541,3634
5542,3620
5543,3644
5544,3604
5545,3220
5546,3472
5547,3576
5548,3437
5549,3648
5550,3648
5551,3531
5552,4039
5553,3473
5554,3600
5555,3870
5556,4454
5557,3716
5558,3981
5559,4078
5560,4258
5561,3452
5562,3532
5563,4069
5564,3513
5565,3376
5566,3787
5567,3493
5568,3881
5569,4102
5570,3650
5571,3916
5572,3954
5573,3280
5574,3342
5575,3587
5576,3011
5577,3852
5578,3588
5579,3370
5580,3592
5581,3484
5582,3766
5583,3995
5584,3508
5585,3556
5586,3200
5587,3900
5588,3852
5589,3574
5590,4279
5591,3850
5592,3650
5593,3864
5594,3779
5595,3458
5596,3238
5597,3902
5598,3609
5599,3974
5600,3848
5601,3449
5602,3616
5603,3365
5604,3990
5605,3619
5606,3856
5607,3886
5608,3740
5609,4138
5610,3594
5611,3903
5612,3696
5613,3580
5614,3864
5615,3722
5616,3656
5617,3906
5618,4026
5619,4219
5620,3474
5621,3578
5622,3684
5623,3702
5624,3600
5625,3996
5626,3794
5627,3372
5628,3972
5629,3914
5630,3306
5631,3898
5632,3593
5633,3737
5634,3292
5635,3923
5636,3992
5637,3224
5638,3982
5639,4180
5640,4035
5641,3968
5642,4204
5643,4652
5644,3942
5645,3650
5646,3467
5647,4187
5648,3482
5649,3858
5650,4114
5651,4084
5652,4083
5653,3525
5654,4427
5655,4284
5656,3903
5657,3606
5658,3802
5659,3822
5660,3558
5661,3850
5662,3856
5663,4035
5664,3314
5665,3714
5666,3750
5667,4299
5668,3666
5669,4175
5670,3772
5671,3851
5672,3962
5673,3596
5674,3833
5675,3024
5676,3984
5677,3821
5678,3650
5679,4040
5680,3828
5681,3651
5682,3889
5683,3722
5684,4082
5685,3654
5686,3703
5687,4034
5688,3885
5689,3894
5690,3264
5691,3573
5692,3695
5693,3397
5694,4162
5695,3568
5696,3473
5697,3634
5698,4358
5699,3606
5700,3578
5701,3804
5702,3752
5703,4055
5704,3386
5705,3599
5706,3836
5707,3842
5708,4503
5709,4034
5710,3666
5711,4146
5712,3396
5713,3640
5714,3676
5715,3646
5716,3795
5717,3104
5718,3875
5719,3652
5720,3460
5721,3558
5722,4055
5723,3148
5724,3409
5725,3795
5726,3448
5727,3449
5728,3951
5729,4014
5730,3758
5731,3832
5732,4183
5733,3925
5734,3830
5735,4245
5736,3954
5737,4094
5738,3974
5739,4042
5740,3458
5741,3772
5742,3331
5743,3718
5744,3485
5745,4274
5746,4049
5747,3708
5748,3650
5749,3694
5750,3600
5751,4681
5752,4201
5753,3738
5754,4084
5755,3629
5756,3870
5757,3865
5758,4000
5759,3846
5760,3747
5761,3415
5762,4176
5763,3814
5764,3843
5765,3646
5766,3303
5767,3750
5768,3276
5769,3538
5770,3434
5771,3978
5772,3907
5773,3742
5774,3636
5775,4308
5776,4069
5777,3444
5778,3908
5779,3065
5780,4000
5781,3484
5782,3722
5783,3676
5784,3760
5785,3768
5786,4036
5787,3440
5788,3712
5789,4173
5790,3652
5791,3713
5792,3581
5793,3884
5794,3773
5795,4108
5796,3533
5797,3467
5798,3970
5799,4092
5800,3880
5801,3806
5802,4060
5803,3812
5804,3657
5805,3605
5806,3754
5807,3486
5808,3940
5809,3669
5810,3948
5811,3884
5812,3354
5813,3804
5814,3802
5815,3762
5816,3854
5817,4138
5818,3735
5819,3940
5820,2124
5821,2696
5822,3694
5823,4375
5824,2786
5825,3732
5826,3452
5827,4467
5828,5312
5829,5183
5830,4977
5831,5249
5832,3984
5833,3396
5834,2805
5835,3558
5836,4002
5837,3379
5838,3099
5839,3151
5840,3070
5841,2945
5842,2855
5843,2857
5844,4603
5845,3023
5846,2755
5847,2637
5848,2739
5849,2823
5850,3081
5851,3248
5852,3739
5853,2977
5854,2711
5855,3160
5856,2757
5857,2809
5858,3118
5859,2862
5860,2902
5861,2758
5862,3080
5863,2997
5864,2932
5865,2686
5866,2752
5867,3124
5868,3115
5869,2794
5870,2984
5871,2912
5872,2882
5873,2823
5874,2868
5875,2944
5876,3006
5877,2866
5878,2886
5879,3026
5880,2938
5881,2952
5882,2822
5883,2910
5884,2824
5885,3050
5886,3128
5887,2999
5888,2840
5889,2862
5890,2902
5891,2846
5892,3118
5893,3170
5894,3290
5895,3242
5896,3206
5897,3242
5898,3338
5899,3482
5900,3482
5901,3494
5902,3470
5903,3386
5904,3458
5905,3374
5906,3302
5907,3278
5908,3206
5909,3218
5910,3254
5911,3230
5912,3362
5913,3362
5914,3350
5915,3170
5916,3434
5917,3254
5918,3410
5919,3158
5920,3362
5921,3494
5922,3158
5923,3206
5924,3254
5925,3134
5926,3206
5927,3422
5928,3362
5929,3290
5930,3038
5931,3326
5932,3194
5933,3074
5934,3254
5935,3242
5936,3458
5937,3218
5938,3266
5939,3278
5940,3350
5941,3422
5942,3170
5943,3134
5944,3362
5945,3122
5946,3458
5947,3350
5948,3374
5949,3230
5950,3314
5951,3278
5952,3362
5953,3326
5954,3458
5955,3170
5956,3290
5957,3470
5958,3302
5959,3350
5960,3290
5961,3290
5962,3050
5963,3314
5964,3338
5965,3182
5966,3482
5967,3002
5968,3362
5969,3158
5970,3158
5971,3218
5972,3266
5973,3374
5974,3338
5975,3326
5976,3350
5977,3278
5978,3194
5979,3302
5980,3170
5981,3194
5982,3266
5983,3314
5984,3266
5985,3422
5986,3446
5987,3398
5988,3410
5989,3470
5990,3482
5991,3482
5992,3458
5993,3470
5994,3482
5995,3470
5996,3470
5997,3470
5998,3470
5999,3482
6000,3470
6001,3494
6002,3470
6003,3482
6004,3470
6005,3470
6006,3470
6007,3458
6008,3482
6009,3482
6010,3338
6011,3194
6012,3446
6013,3278
6014,3350
6015,3110
6016,3242
6017,3146
6018,3302
6019,3362
6020,3182
6021,3278
6022,3194
6023,3362
6024,3266
6025,3254
6026,3290
6027,3062
6028,3362
6029,3446
6030,3182
6031,3434
6032,3290
6033,3254
6034,3338
6035,3410
6036,3338
6037,3326
6038,3338
6039,3422
6040,3326
6041,3482
6042,3242
6043,3302
6044,3314
6045,3230
6046,3218
6047,3254
6048,3290
6049,3146
6050,3434
6051,3014
6052,3326
6053,3278
6054,3422
6055,3038
6056,3122
6057,3338
6058,3410
6059,3278
6060,3194
6061,3482
6062,3410
6063,3182
6064,3302
6065,3218
6066,3134
6067,3362
6068,3254
6069,3470
6070,3074
6071,3350
6072,3350
6073,3362
6074,3470
6075,3458
6076,3446
6077,3482
6078,3458
6079,3494
6080,3470
6081,3494
6082,3470
6083,3482
6084,3434
6085,3458
6086,3470
6087,3470
6088,3458
6089,3470
6090,3458
6091,3518
6092,3458
6093,3494
6094,3470
6095,3494
6096,3418
6097,2968
6098,3370
6099,3498
6100,3230
6101,3470
6102,3146
6103,3440
6104,3280
6105,3214
6106,3568
6107,3434
6108,3516
6109,3574
6110,3404
6111,3384
6112,3570
6113,3502
6114,3470
6115,3360
6116,3550
6117,3448
6118,3482
6119,3544
6120,3618
6121,3566
6122,3566
6123,3444
6124,3438
6125,3510
6126,3324
6127,3438
6128,3482
6129,3492
6130,3610
6131,3436
6132,3150
6133,3276
6134,3422
6135,3414
6136,3274
6137,3534
6138,3334
6139,3350
6140,3582
6141,3072
6142,3540
6143,3456
6144,3316
6145,3504
6146,3412
6147,3520
6148,3492
6149,3426
6150,3420
6151,3502
6152,3592
6153,3568
6154,3554
6155,3504
6156,3452
6157,3492
6158,3522
6159,3472
6160,3464
6161,3496
6162,3338
6163,3574
6164,3478
6165,3562
6166,3438
6167,3484
6168,3454
6169,3282
6170,3204
6171,3274
6172,3446
6173,3254
6174,3340
6175,3336
6176,3164
6177,3394
6178,3562
6179,3288
6180,3520
6181,3362
6182,3528
6183,3482
6184,3294
6185,3486
6186,3616
6187,3496
6188,3560
6189,3598
6190,3528
6191,3554
6192,3512
6193,3506
6194,3524
6195,3476
6196,3492
6197,3558
6198,3418
6199,3548
6200,3330
6201,3456
6202,3402
6203,3464
6204,3498
6205,3548
6206,3470
6207,3382
6208,3586
6209,3476
6210,3516
6211,3456
6212,3562
6213,3500
6214,3472
6215,3380
6216,3424
6217,3520
6218,3596
6219,3572
6220,3540
6221,3250
6222,3318
6223,3400
6224,3474
6225,3432
6226,3194
6227,3340
6228,3184
6229,3116
6230,3362
6231,3390
6232,3534
6233,3354
6234,3414
6235,3536
6236,3558
6237,3552
6238,3556
6239,3462
6240,3470
6241,3528
6242,3514
6243,3440
6244,3572
6245,3576
6246,3428
6247,3530
6248,3494
6249,3396
6250,3588
6251,3370
6252,3490
6253,3508
6254,3492
6255,3418
6256,3472
6257,3478
6258,3424
6259,3538
6260,3360
6261,3452
6262,3362
6263,3612
6264,3572
6265,3512
6266,3432
6267,3406
6268,3526
6269,3510
6270,3570
6271,3446
6272,3468
6273,3492
6274,3654
6275,3446
6276,2914
6277,3128
6278,3060
6279,2938
6280,2848
6281,2814
6282,2852
6283,3081
6284,2856
6285,2838
6286,2922
6287,3052
6288,2928
6289,2988
6290,2736
6291,2702
6292,2938
6293,2954
6294,3186
6295,3152
6296,2912
6297,3142
6298,2776
6299,2798
6300,2756
6301,2804
6302,2720
6303,2780
6304,2798
6305,2828
6306,2896
6307,3276
6308,2801
6309,2830
6310,2962
6311,2976
6312,3195
6313,2786
6314,2980
6315,2830
6316,3030
6317,2822
6318,2954
6319,2774
6320,3012
6321,2840
6322,3042
6323,2856
6324,2788
6325,2862
6326,2858
6327,2940
6328,2762
6329,3024
6330,2926
6331,2864
6332,2970
6333,2840
6334,3040
6335,2800
6336,2738
6337,2932
6338,2824
6339,2862
6340,2244
6341,3268
6342,3100
6343,3227
6344,2976
6345,3044
6346,3408
6347,3260
6348,2925
6349,3346
6350,3344
6351,3492
6352,3172
6353,3157
6354,3434
6355,3303
6356,3614
6357,2932
6358,3224
6359,3570
6360,3549
6361,3082
6362,3017
6363,3557
6364,3286
6365,3692
6366,3450
6367,3366
6368,3258
6369,3226
6370,3105
6371,3472
6372,3107
6373,3038
6374,3149
6375,4916
6376,3042
6377,3048
6378,3330
6379,3029
6380,3058
6381,3424
6382,3256
6383,3612
6384,3901
6385,6487
6386,5867
6387,5920
6388,5417
6389,6540
6390,7107
6391,3039
6392,14654
6393,5247
6394,5365
6395,4819
6396,5150
6397,5810
6398,4211
6399,6383
6400,23463
6401,11748
6402,10092
6403,6739
6404,7819
6405,3916
6406,480301
6407,3358
6408,3069
6409,5805
6410,583248
6411,386600
6412,7325
6413,3268
6414,105796
6415,433086
6416,2882
6417,3160
6418,2910
6419,2910
6420,9397
6421,16718
6422,2840
6423,3792
6424,3433
6425,3734
6426,3042
6427,3442
6428,2952
6429,4504
6430,4106
6431,12108
6432,29024
6433,97688
6434,108056
6435,118703
6436,87171
6437,68206
6438,82684
6439,65204
6440,68806
6441,107358
6442,53402
6443,53186
6444,49975
6445,22230
6446,5344
6447,18890
6448,3723
6449,12740
6450,3083
6451,12085
6452,3547
6453,3230
6454,4518
6455,2814
6456,3162
6457,3280
6458,3194
6459,3131
6460,3231
6461,2748
6462,2874
6463,3240
6464,4020
6465,2804
6466,2888
6467,3202
6468,2846
6469,3851
6470,2792
6471,3498
6472,2818
